210001,imanidio16
210002,Mr.KapyKyatt
210003,aadyau21
210008,aakarsh_1123
210009,aakashs21
210020,AayuGupt
210025,imabhijeet1
210026,einzelganger15
210031,AbsHp
210036,Coew
210038,abhishekd21
210046,eadr5334
210054,aditi80044
210056,ajmeraaditya03
210059,Bachha
210060,aditmoe
210069,adi_27
210072,Advaith_Kannan
210073,Meghana26
210080,sanjay77
210083,akarshan_07
210084,Abuster147
210085,ak2185
210092,AksM11
210094,TLE101
210095,akshatcoding2k22@gmail.com
210104,Amanpahal
210105,Aman00001
210109,amankhilani
210130,Ananyaa21
210133,6Tgraybird
210134,Aniket_Boi#9528
210135,aniket_borkar
210152,ankurkr354
210155,anshukr07
210159,antriksh11
210161,AnubhavBairoliya
210162,anubhavrana
210166,AnujS
210171,anuraag_12
210179,ap234gupta
210180,arlo1506
210183,AriBora10
210200,AryRDW
210210,ashish678
210214,jericho431
210217,asnthegr8
210219,ashutoshagrawal822
210221,ashutosh_kumar_007
210225,asjadraza13
210227,Astarnot
210229,atharv_soni
210231,india0909
210232,atharva_gupta
210235,avig21
210251,the_supreme_leader
210253,AryanK.B
210255,twix_85
210265,drax12
210266,bhavesh09_03
210279,chethan58
210282,Chetan_2705
210283,x_slow_codr_x
210313,Deep_Verma
210316,depanshusahu057
210318,Tesla_900
210321,dj_bro
210327,DG2022
210338,dhruv21
210339,dhruvgarg21
210341,dmgrover
210355,divyanshsingh1910
210356,divyanshc21
210364,Manideep_210
210382,garvittejwani10
210383,HumbleCoder1234
210390,Golu15
210392,geetikag0411
210393,Goural
210394,GoutamIITK
210403,Hamzam21
210420,its_harshit
210421,Harshit_Chaudhary
210422,Harshit1380
210425,diamondhs21
210428,Harsukh_Coder
210432,HEMANTC21
210438,daddy_coder
210452,indreshsingh
210466,rastogij90
210473,Jetharam17
210475,jlodhi109
210482,kalika
210489,kn_joshua
210492,karanm21
210493,LogicalTerror
210496,Wrking_on_procastination
210508,Keshavrg49
210509,SomeoneUk
210511,hush417
210527,KONCHADA
210530,krish_21
210532,krishnansh5
210534,ArOrA_WorkOfGod
210544,kumarkanishksingh
210552,labajyoti21
210557,laksh123
210567,Reethika110503
210576,Malik_Zadah_Irfan
210578,manank14
210583,manavreddy.v
210594,Onolax
210596,mk_0380
210605,mehar_g
210607,mitogrev
210608,none_24
210610,milanrastogi2003
210614,MS_Rana
210628,Shanwitha
210629,Momonikaa
210631,Monkeshs
210634,mridulpandey17
210639,Mukesh_Nath
210646,naman2411
210648,nandanmadhuj03
210649,narendras21
210661,neerav3
210668,mnik
210676,Rushywood
210684,omsv135
210685,devilslayer12321
210690,coder101p
210695,PJcode
210699,proprep
210705,Determined_rover
210709,Shubham_Patel_1
210720,piyushb21
210733,pradeepc
210740,praneatdata
210741,pranjalpers
210743,Pranjal_21
210748,Prapti17
210751,G_Nemesis
210755,Sahu_Pratham
210758,pratikrd21
210762,Pratyush21
210763,rajpraveen28
210772,knewitall
210780,Priyanshu03012003
210785,priyanshulmeena18
210792,harshvadhan_pulipati
210805,arca_ane
210807,rahulsgh21
210812,akshat21
210815,rjvkr2021
210819,codeblood24
210820,src123
210824,ramannishad
210838,riddhirids
210840,rhydberg
210841,RikinShah
210848,liverishav13
210849,LegendaryGene
210851,Ryshi
210859,Ritam.21
210868,r_coder_b
210874,rz_rohit
210878,ruchitr42
210880,Rudranshgoel
210884,arun777
210895,sahilg99
210897,Sahilp12
210898,Sahil-Tomar
210900,saithepaithewhyyy
210902,H3LLF1RE
210908,sakshamm21
210914,sampada_kala
210917,SamyakSinghania
210918,Sanat
210919,thesanath
210921,Sandeep_Nitharwal
210933,MrImmortalZ
210943,friedrice
210944,guptasg11421
210950,kumarsaurav3575
210961,sharvil.athaley
210966,mortalsky351
210976,capriconknight
210978,pink_r4bbit
210980,Shivam067
210983,phoenix2913
210987,shivansh2004
210988,shivanshpandey4444
210997,Shrey2091
211009,shreyashk
211012,s.13
211023,shubhamiitk
211028,sid2210
211029,ssiddhant
211031,Siddharth_Garg
211034,Siddharth_Pathak
211041,Ssneh
211047,Soham_03
211067,sjeetk21
211069,viCoder
211071,Random_Guy1
211089,suvratp21
211090,swastikjee
211093,overhaul88
211095,taling21
211097,tanmay2808
211105,ahujatejas06
211107,tgtg_oldgram
211109,tejasvi_1729
211114,tushaar9876
211120,udhavvarma03
211121,dealbydetea
211127,ut_agrawal
211134,vaibhavchirania9
211144,VaRa_47
211150,contact.thevarunsappa
211151,vartan11
211152,combination
211158,Kev2103
211162,vidhi....123
211164,ppopdesk
211166,Vikasy21
211173,vipul124
211180,Vivek008
211184,Vrinda_21
211187,YC_21
211201,Yashbanna
211207,t1g0y
211208,yuvrajKharayat
211212,zoya_manjer
